<?xml version="1.0" encoding="UTF-8"?>

<!DOCTYPE tiles-definitions PUBLIC "-//Apache Software Foundation//DTD Tiles Configuration 3.0//EN" "http://tiles.apache.org/dtds/tiles-config_3_0.dtd">

<tiles-definitions>
	<!-- join -->
	<definition name="join" template="/WEB-INF/views/layout/join.jsp">
		<put-attribute name="asset" value="/WEB-INF/views/inc/asset.jsp"></put-attribute>
		<put-attribute name="asset_main" value="/WEB-INF/views/inc/asset_main.jsp"></put-attribute>
		<put-attribute name="header_main" value="/WEB-INF/views/inc/header_main.jsp"></put-attribute>
		<put-attribute name="content_join" value="/WEB-INF/views/page/main/content_join.jsp"></put-attribute>
	</definition>
	
	<!-- login -->
	<definition name="login" template="/WEB-INF/views/layout/login.jsp">
		<put-attribute name="asset" value="/WEB-INF/views/inc/asset.jsp"></put-attribute>
		<put-attribute name="asset_main" value="/WEB-INF/views/inc/asset_main.jsp"></put-attribute>
		<put-attribute name="header_main" value="/WEB-INF/views/inc/header_main.jsp"></put-attribute>
		<put-attribute name="content_login" value="/WEB-INF/views/page/main/content_login.jsp"></put-attribute>
	</definition>
	

	<!-- main -->
	<definition name="main" template="/WEB-INF/views/layout/main.jsp">
		<put-attribute name="asset" value="/WEB-INF/views/inc/asset.jsp"></put-attribute>
		<put-attribute name="asset_main" value="/WEB-INF/views/inc/asset_main.jsp"></put-attribute>
		<put-attribute name="header_main" value="/WEB-INF/views/inc/header_main.jsp"></put-attribute>
		<put-attribute name="content_main" value="/WEB-INF/views/page/main/content_main.jsp"></put-attribute>
		<!-- <put-attribute name="editor_bot" value="/WEB-INF/views/page/bot/bot_editor.jsp"></put-attribute> -->
	</definition>
	
	<!-- mypage -->
	<definition name="mypage" template="/WEB-INF/views/layout/mypage.jsp">
		<put-attribute name="asset" value="/WEB-INF/views/inc/asset.jsp"></put-attribute>
		<put-attribute name="asset_main" value="/WEB-INF/views/inc/asset_main.jsp"></put-attribute><!-- 기본 세팅 링크 -->
		<put-attribute name="header_mypage" value="/WEB-INF/views/inc/header_mypage.jsp"></put-attribute><!-- 상단 메뉴 -->
		<put-attribute name="content_mypage" value="/WEB-INF/views/page/main/content_mypage.jsp"></put-attribute><!-- 캘린더, 팀, 프로젝트 -->
	</definition>
	
	<!-- stats -->
	<definition name="stats" template="/WEB-INF/views/page/bot/stats.jsp">
		<put-attribute name="asset_main" value="/WEB-INF/views/inc/asset_main.jsp"></put-attribute>
		<put-attribute name="header_main" value="/WEB-INF/views/inc/header_main.jsp"></put-attribute>
		<put-attribute name="asset_bot" value="/WEB-INF/views/page/bot/bot.jsp"></put-attribute>
	</definition> 
	
	<!-- delbot -->
	<definition name="delbot" template="/WEB-INF/views/page/bot/delbot.jsp">
		<put-attribute name="asset_main" value="/WEB-INF/views/inc/asset_main.jsp"></put-attribute>
		<put-attribute name="header_main" value="/WEB-INF/views/inc/header_main.jsp"></put-attribute>
	</definition> 
	
	<!-- document -->
	<definition name="document" template="/WEB-INF/views/layout/document.jsp">
		<put-attribute name="asset" value="/WEB-INF/views/inc/asset.jsp"></put-attribute>
		<put-attribute name="asset_main" value="/WEB-INF/views/inc/asset_main.jsp"></put-attribute>
		<put-attribute name="header_main" value="/WEB-INF/views/inc/header_main.jsp"></put-attribute>
		<put-attribute name="content_document" value="/WEB-INF/views/page/main/content_document.jsp"></put-attribute>
	</definition>
	
	
	<!-- logout > login에 둘껀데 ui보려고 만듬 -->
	<definition name="logout" template="/WEB-INF/views/layout/logout.jsp">
		<put-attribute name="asset" value="/WEB-INF/views/inc/asset.jsp"></put-attribute>
		<put-attribute name="asset_main" value="/WEB-INF/views/inc/asset_main.jsp"></put-attribute>
		<put-attribute name="header_main" value="/WEB-INF/views/inc/header_main.jsp"></put-attribute>
		<put-attribute name="content_logout" value="/WEB-INF/views/page/main/content_logout.jsp"></put-attribute>
	</definition>
	
	<!-- mypage에서 memberSetting, teamSetting, projectSetting -->
	<definition name="membersetting" template="/WEB-INF/views/page/main/content_memberSetting.jsp">
		<put-attribute name="asset" value="/WEB-INF/views/inc/asset.jsp"></put-attribute>
		<put-attribute name="asset_main" value="/WEB-INF/views/inc/asset_main.jsp"></put-attribute>
	</definition>
	<definition name="teamsetting" template="/WEB-INF/views/page/main/content_teamSetting.jsp">
		<put-attribute name="asset" value="/WEB-INF/views/inc/asset.jsp"></put-attribute>
		<put-attribute name="asset_main" value="/WEB-INF/views/inc/asset_main.jsp"></put-attribute>
	</definition>
	<definition name="projectsetting" template="/WEB-INF/views/page/main/content_projectSetting.jsp">
		<put-attribute name="asset" value="/WEB-INF/views/inc/asset.jsp"></put-attribute>
		<put-attribute name="asset_main" value="/WEB-INF/views/inc/asset_main.jsp"></put-attribute>
	</definition>
	
	
	<definition name="editor" template="/WEB-INF/views/layout/editor.jsp">
		<put-attribute name="asset" value="/WEB-INF/views/inc/asset.jsp"></put-attribute>
		<put-attribute name="asset_edtior" value="/WEB-INF/views/inc/asset_editor.jsp"></put-attribute>
		<put-attribute name="asset_chat" value="/WEB-INF/views/inc/asset_chat.jsp"></put-attribute>
		<put-attribute name="asset_bot" value="/WEB-INF/views/inc/asset_bot.jsp"></put-attribute>
		
		<put-attribute name="main_header" value="/WEB-INF/views/inc/header_main.jsp"></put-attribute>
		<put-attribute name="editor_header" value="/WEB-INF/views/inc/header_editor.jsp"></put-attribute>
		
		<put-attribute name="left_side" value="/WEB-INF/views/page/editor/explorer.jsp"></put-attribute>
		<put-attribute name="content" value="/WEB-INF/views/page/editor/editor.jsp"></put-attribute>
		<put-attribute name="console" value="/WEB-INF/views/page/editor/console.jsp"></put-attribute>
		
		<put-attribute name="settings" value="/WEB-INF/views/page/editor/settings.jsp"></put-attribute>
		<put-attribute name="right_side" value="/WEB-INF/views/layout/right_side.jsp"></put-attribute>
		<put-attribute name="chat_main" value="/WEB-INF/views/page/chat/chat_main.jsp"></put-attribute>
		
		<put-attribute name="editor_bot" value="/WEB-INF/views/page/bot/bot_editor.jsp"></put-attribute>
		
		<put-list-attribute name="popups">
			<add-attribute value="/WEB-INF/views/page/editor/new.jsp" />
			<add-attribute value="/WEB-INF/views/page/editor/record.jsp" />
			<add-attribute value="/WEB-INF/views/page/editor/version.jsp" />
			<add-attribute value="/WEB-INF/views/page/editor/settings.jsp" />
		</put-list-attribute>
	</definition>
</tiles-definitions>